<?xml version="1.0" encoding="iso-8859-1" ?>
<mosinstall type="component">
    <name>joomlaXplorer</name>
    <creationDate>20.04.2008</creationDate>
    <author>soeren, QuiX Project</author>
    <copyright>Soeren Eberhardt-Biermann, QuiX Project</copyright>
    <authorEmail>soeren|at|virtuemart.net</authorEmail>
    <authorUrl>http://joomlacode.org/gf/project/joomlaxplorer/</authorUrl>
    <version>1.6.3</version>
    <description><![CDATA[
	<div align="left"><img src="components/com_joomlaxplorer/images/logo.gif" alt="joomlaXplorer Logo" /></div>
	<h2>Successfully installed joomlaXplorer&nbsp;</h2>
	joomlaXplorer is a powerful File- and FTP Manager script. 
	<br/>It allows 
	  <ul><li>Browsing Directories & Files,</li>
	  <li>Editing, Copying, Moving and Deleting files,</li>
	  <li>Searching, Uploading and Downloading files,</li>
	  <li>Creating new Files and Directories,</li>
	  <li>Creating and Extracting Archives with Files and Directories,</li>
	  <li>Changing file permissions (chmod)</li></ul><br/>and much more.<br/><br/>
	  <strong>By default restricted to Superadministrators!</strong>
	]]></description>
    <files><!-- Frontend Files! -->
        <filename>configuration.jx.php</filename>
        <filename>joomlaxplorer.php</filename>
        <filename>joomlaxplorer.init.php</filename>
        <filename>joomlaxplorer.list.php</filename>
    </files>
    <install/>
    <uninstall/>	
    <installfile>install.joomlaxplorer.php</installfile>
    <administration>
        <menu>joomlaXplorer</menu>
        <files><!-- Backend Files! -->
			<filename>config/.htaccess</filename>
			<filename>config/.htusers.php</filename>
			<filename>config/conf.php</filename>
			<filename>config/index.html</filename>
			<filename>config/mimes.php</filename>
			<filename>include/.htaccess</filename>
			<filename>include/error.php</filename>
			<filename>include/footer.php</filename>
			<filename>include/fun_admin.php</filename>
			<filename>include/fun_archive.php</filename>
			<filename>include/fun_bookmarks.php</filename>
			<filename>include/fun_chmod.php</filename>
			<filename>include/fun_copy_move.php</filename>
			<filename>include/fun_del.php</filename>
			<filename>include/fun_down.php</filename>
			<filename>include/fun_edit.php</filename>
			<filename>include/fun_extra.php</filename>
			<filename>include/fun_ftpauthentication.php</filename>
			<filename>include/fun_list.php</filename>
			<filename>include/fun_mkitem.php</filename>
			<filename>include/fun_rename.php</filename>
			<filename>include/fun_search.php</filename>
			<filename>include/fun_system_info.php</filename>
			<filename>include/fun_up.php</filename>
			<filename>include/fun_users.php</filename>
			<filename>include/fun_view.php</filename>
			<filename>include/header.php</filename>
			<filename>include/index.html</filename>
			<filename>include/init.php</filename>
			<filename>include/javascript.php</filename>
			<filename>include/js_admin.php</filename>
			<filename>include/js_admin2.php</filename>
			<filename>include/js_admin3.php</filename>
			<filename>include/login.php</filename>
			<filename>CHANGELOG.txt</filename>
			<filename>LICENSE</filename>
			<filename>README.txt</filename>
			<filename>RELEASE.txt</filename>
			<filename>ftp_tmp/index.html</filename>
			<filename>images/_.gif</filename>
			<filename>images/__copy.gif</filename>
			<filename>images/__cut.gif</filename>
			<filename>images/__paste.gif</filename>
			<filename>images/_admin.gif</filename>
			<filename>images/_archive.gif</filename>
			<filename>images/_arrowdown.gif</filename>
			<filename>images/_arrowup.gif</filename>
			<filename>images/_chmod.gif</filename>
			<filename>images/_copy.gif</filename>
			<filename>images/_copy_.gif</filename>
			<filename>images/_delete.gif</filename>
			<filename>images/_delete_.gif</filename>
			<filename>images/_download.png</filename>
			<filename>images/_download_.png</filename>
			<filename>images/_edit.png</filename>
			<filename>images/_edit_.png</filename>
			<filename>images/_extract.png</filename>
			<filename>images/_home.gif</filename>
			<filename>images/_info.gif</filename>
			<filename>images/_move.gif</filename>
			<filename>images/_move_.gif</filename>
			<filename>images/_refresh.gif</filename>
			<filename>images/_rename.gif</filename>
			<filename>images/_rename_.gif</filename>
			<filename>images/_search.gif</filename>
			<filename>images/_up.png</filename>
			<filename>images/_upload.gif</filename>
			<filename>images/_upload_.gif</filename>
			<filename>images/bookmark_add.gif</filename>
			<filename>images/cpp.gif</filename>
			<filename>images/css.gif</filename>
			<filename>images/dir.png</filename>
			<filename>images/exe.gif</filename>
			<filename>images/file.gif</filename>
			<filename>images/flash.gif</filename>
			<filename>images/h.gif</filename>
			<filename>images/html.gif</filename>
			<filename>images/image.gif</filename>
			<filename>images/index.html</filename>
			<filename>images/indicator.gif</filename>
			<filename>images/java.gif</filename>
			<filename>images/joomla_x_icon.png</filename>
			<filename>images/js.gif</filename>
			<filename>images/log_error.png</filename>
			<filename>images/publish_x.png</filename>
			<filename>images/logo.gif</filename>
			<filename>images/midi.gif</filename>
			<filename>images/mp3.gif</filename>
			<filename>images/pdf.gif</filename>
			<filename>images/php.gif</filename>
			<filename>images/pl.gif</filename>
			<filename>images/real.gif</filename>
			<filename>images/sound.gif</filename>
			<filename>images/spread.gif</filename>
			<filename>images/src.gif</filename>
			<filename>images/systeminfo.gif</filename>
			<filename>images/tar.gif</filename>
			<filename>images/tgz.gif</filename>
			<filename>images/txt.gif</filename>
			<filename>images/video.gif</filename>
			<filename>images/word.gif</filename>
			<filename>images/zip.gif</filename>
			<filename>scripts/functions.js</filename>
			<filename>scripts/index.html</filename>
			<filename>scripts/mootools.ajax.js</filename>
			<filename>scripts/codepress/codepress.css</filename>
			<filename>scripts/codepress/codepress.html</filename>
			<filename>scripts/codepress/codepress.js</filename>
			<filename>scripts/codepress/engines/gecko.js</filename>
			<filename>scripts/codepress/engines/khtml.js</filename>
			<filename>scripts/codepress/engines/msie.js</filename>
			<filename>scripts/codepress/engines/older.js</filename>
			<filename>scripts/codepress/engines/opera.js</filename>
			<filename>scripts/codepress/images/line-numbers.png</filename>
			<filename>scripts/codepress/index.html</filename>
			<filename>scripts/codepress/languages/asp.css</filename>
			<filename>scripts/codepress/languages/asp.js</filename>
			<filename>scripts/codepress/languages/csharp.css</filename>
			<filename>scripts/codepress/languages/csharp.js</filename>
			<filename>scripts/codepress/languages/css.css</filename>
			<filename>scripts/codepress/languages/css.js</filename>
			<filename>scripts/codepress/languages/generic.css</filename>
			<filename>scripts/codepress/languages/generic.js</filename>
			<filename>scripts/codepress/languages/html.css</filename>
			<filename>scripts/codepress/languages/html.js</filename>
			<filename>scripts/codepress/languages/java.css</filename>
			<filename>scripts/codepress/languages/java.js</filename>
			<filename>scripts/codepress/languages/javascript.css</filename>
			<filename>scripts/codepress/languages/javascript.js</filename>
			<filename>scripts/codepress/languages/perl.css</filename>
			<filename>scripts/codepress/languages/perl.js</filename>
			<filename>scripts/codepress/languages/php.css</filename>
			<filename>scripts/codepress/languages/php.js</filename>
			<filename>scripts/codepress/languages/ruby.css</filename>
			<filename>scripts/codepress/languages/ruby.js</filename>
			<filename>scripts/codepress/languages/sql.css</filename>
			<filename>scripts/codepress/languages/sql.js</filename>
			<filename>scripts/codepress/languages/text.css</filename>
			<filename>scripts/codepress/languages/text.js</filename>
			<filename>scripts/codepress/languages/vbscript.css</filename>
			<filename>scripts/codepress/languages/vbscript.js</filename>
			<filename>scripts/codepress/license.txt</filename>
			<filename>languages/brazilian_portuguese.php</filename>
			<filename>languages/brazilian_portuguese_mimes.php</filename>
			<filename>languages/bulgarian.php</filename>
			<filename>languages/bulgarian_mimes.php</filename>
			<filename>languages/dutch.php</filename>
			<filename>languages/dutch_mimes.php</filename>
			<filename>languages/english.php</filename>
			<filename>languages/english_mimes.php</filename>
			<filename>languages/finnish.php</filename>
			<filename>languages/finnish_mimes.php</filename>
			<filename>languages/french.php</filename>
			<filename>languages/french_mimes.php</filename>
			<filename>languages/german.php</filename>
			<filename>languages/german_mimes.php</filename>
			<filename>languages/germanf.php</filename>
			<filename>languages/germanf_mimes.php</filename>
			<filename>languages/germani.php</filename>
			<filename>languages/germani_mimes.php</filename>
			<filename>languages/greek.php</filename>
			<filename>languages/greek_mimes.php</filename>
			<filename>languages/hungarian.php</filename>
			<filename>languages/hungarian_mimes.php</filename>
			<filename>languages/index.html</filename>
			<filename>languages/islenska.php</filename>
			<filename>languages/islenska_mimes.php</filename>
			<filename>languages/italian.php</filename>
			<filename>languages/italian_mimes.php</filename>
			<filename>languages/portuguese.php</filename>
			<filename>languages/portuguese_mimes.php</filename>
			<filename>languages/russian.php</filename>
			<filename>languages/russian_mimes.php</filename>
			<filename>languages/simplified_chinese.php</filename>
			<filename>languages/simplified_chinese_mimes.php</filename>
			<filename>languages/spanish.php</filename>
			<filename>languages/spanish_mimes.php</filename>
			<filename>languages/traditional_chinese.php</filename>
			<filename>languages/traditional_chinese_mimes.php</filename>
			<filename>languages/turkish.php</filename>
			<filename>languages/turkish_mimes.php</filename>
			<filename>libraries/Archive.php</filename>
			<filename>libraries/Archive/index.html</filename>
			<filename>libraries/Archive/Predicate.php</filename>
			<filename>libraries/Archive/Predicate/And.php</filename>
			<filename>libraries/Archive/Predicate/Current.php</filename>
			<filename>libraries/Archive/Predicate/Custom.php</filename>
			<filename>libraries/Archive/Predicate/Duplicate.php</filename>
			<filename>libraries/Archive/Predicate/Ereg.php</filename>
			<filename>libraries/Archive/Predicate/Eregi.php</filename>
			<filename>libraries/Archive/Predicate/Extension.php</filename>
			<filename>libraries/Archive/Predicate/False.php</filename>
			<filename>libraries/Archive/Predicate/Index.php</filename>
			<filename>libraries/Archive/Predicate/MIME.php</filename>
			<filename>libraries/Archive/Predicate/MaxDepth.php</filename>
			<filename>libraries/Archive/Predicate/MinSize.php</filename>
			<filename>libraries/Archive/Predicate/MinTime.php</filename>
			<filename>libraries/Archive/Predicate/Not.php</filename>
			<filename>libraries/Archive/Predicate/Or.php</filename>
			<filename>libraries/Archive/Predicate/True.php</filename>
			<filename>libraries/Archive/Predicate/index.html</filename>
			<filename>libraries/Archive/Reader.php</filename>
			<filename>libraries/Archive/Reader/Ar.php</filename>
			<filename>libraries/Archive/Reader/Archive.php</filename>
			<filename>libraries/Archive/Reader/Bzip2.php</filename>
			<filename>libraries/Archive/Reader/Cache.php</filename>
			<filename>libraries/Archive/Reader/ChangeName.php</filename>
			<filename>libraries/Archive/Reader/Concat.php</filename>
			<filename>libraries/Archive/Reader/Directory.php</filename>
			<filename>libraries/Archive/Reader/File.php</filename>
			<filename>libraries/Archive/Reader/Filter.php</filename>
			<filename>libraries/Archive/Reader/Gzip.php</filename>
			<filename>libraries/Archive/Reader/Memory.php</filename>
			<filename>libraries/Archive/Reader/MimeList.php</filename>
			<filename>libraries/Archive/Reader/Multi.php</filename>
			<filename>libraries/Archive/Reader/Relay.php</filename>
			<filename>libraries/Archive/Reader/Select.php</filename>
			<filename>libraries/Archive/Reader/Tar.php</filename>
			<filename>libraries/Archive/Reader/Uncompress.php</filename>
			<filename>libraries/Archive/Reader/Zip.php</filename>
			<filename>libraries/Archive/Reader/index.html</filename>
			<filename>libraries/Archive/Writer.php</filename>
			<filename>libraries/Archive/Writer/AddBaseName.php</filename>
			<filename>libraries/Archive/Writer/Ar.php</filename>
			<filename>libraries/Archive/Writer/Archive.php</filename>
			<filename>libraries/Archive/Writer/Bzip2.php</filename>
			<filename>libraries/Archive/Writer/Files.php</filename>
			<filename>libraries/Archive/Writer/Gzip.php</filename>
			<filename>libraries/Archive/Writer/index.html</filename>
			<filename>libraries/Archive/Writer/Mail.php</filename>
			<filename>libraries/Archive/Writer/Memory.php</filename>
			<filename>libraries/Archive/Writer/MemoryArchive.php</filename>
			<filename>libraries/Archive/Writer/Multi.php</filename>
			<filename>libraries/Archive/Writer/Output.php</filename>
			<filename>libraries/Archive/Writer/Tar.php</filename>
			<filename>libraries/Archive/Writer/UniqueAppender.php</filename>
			<filename>libraries/Archive/Writer/Zip.php</filename>
			<filename>libraries/FTP.php</filename>
			<filename>libraries/FTP/index.html</filename>
			<filename>libraries/FTP/Observer.php</filename>
			<filename>libraries/FTP/Socket.php</filename>
			<filename>libraries/File_Operations.php</filename>
			<filename>libraries/MIME/index.html</filename>
			<filename>libraries/MIME/Parameter.php</filename>
			<filename>libraries/MIME/Type.php</filename>
			<filename>libraries/PEAR.php</filename>
			<filename>libraries/Tar.php</filename>
			<filename>libraries/index.html</filename>
			<filename>libraries/lib_zip.php</filename>
			<filename>style/index.html</filename>
			<filename>style/opacity.js</filename>
			<filename>style/style.css</filename>
			<filename>style/tablebg.gif</filename>
			<filename>admin.joomlaxplorer.php</filename>
			<filename>index.html</filename>
			<filename>install.joomlaxplorer.php</filename>
			<filename>joomlaxplorer.xml</filename>
        </files>
    </administration>
</mosinstall>
